pdbid,R6-CZ_D104-DG,R6-CZ_R6-NH1_D104-OD2_D104-CG,R6-CZ_R6-NH1_D104-OD2_D104-CG
1K5N,3.928943157196045,-69.85985565185547,-115.7272720336914
6PYW,3.7623982429504395,117.79151916503906,70.82858276367188
4QRS,4.467677593231201,17.544816970825195,9.625880241394043
5IB2,5.570192337036133,-54.1224365234375,-13.955774307250977
2V2X,5.751532077789307,-11.02751636505127,-21.082557678222656
7UM2,5.53707218170166,-130.2574462890625,-175.84042358398438
5E00,11.614407539367676,-174.4534149169922,78.74212646484375
7P4B,14.285102844238281,145.7369384765625,54.50478744506836
4U1S,17.546875,-58.75492477416992,-67.63094329833984
3FQT,14.071545600891113,109.26677703857422,68.94866180419922
4O2C,4.3567352294921875,98.94625091552734,44.17839813232422
3BXN,17.675804138183594,136.39279174804688,153.8815460205078
5MER,11.430253028869629,-160.68634033203125,81.5223159790039
3FT4,10.975874900817871,-157.66571044921875,76.48507690429688
3GSR,13.866005897521973,71.44549560546875,53.96757507324219
5VWJ,7.2272138595581055,149.07040405273438,67.57417297363281
6Z9V,12.830690383911133,102.50091552734375,60.69880676269531
4U1K,15.023554801940918,-2.425112009048462,116.48208618164062
2X4U,12.661030769348145,99.12411499023438,71.77058410644531
3X11,4.847536087036133,25.503276824951172,-2.146030902862549
1T21,12.500911712646484,108.75438690185547,75.8924331665039
6SS8,14.28172779083252,132.85955810546875,76.48394012451172
2BSR,3.954580545425415,-72.7994384765625,-117.58726501464844
6VIU,12.737774848937988,-154.82176208496094,134.1519012451172
3L3J,12.423321723937988,46.99523162841797,-30.051984786987305
5F9J,11.192305564880371,159.5376434326172,93.792724609375
2X4S,3.8774595260620117,-171.77944946289062,125.36414337158203
5VGE,16.320993423461914,-19.327573776245117,-65.83251190185547
3AM8,12.01878547668457,167.86111450195312,93.17556762695312
3MRE,4.043632507324219,65.56697082519531,81.25633239746094
7KGP,5.005622863769531,-43.71440505981445,-78.2269058227539
1UXS,5.9674763679504395,106.53517150878906,119.82696533203125
7KGS,8.008451461791992,177.79237365722656,123.09104919433594
4LCY,12.134980201721191,174.8249053955078,136.1473388671875
5N6B,14.099199295043945,137.64540100097656,75.99173736572266
6VB1,12.105119705200195,-135.647216796875,-71.35999298095703
3BP7,16.640670776367188,67.24818420410156,130.4451446533203
3GSU,12.310107231140137,-38.22262954711914,51.5294303894043
3MRC,5.744265556335449,105.9065933227539,18.139209747314453
3KPQ,11.315166473388672,49.36680603027344,61.90882110595703
7S7E,13.880888938903809,-91.41790008544922,16.557376861572266
3IXA,11.02319622039795,-174.18948364257812,86.12834167480469
6VB7,15.58163070678711,-12.09792423248291,-70.04903411865234
4NO5,3.8556413650512695,86.47721862792969,17.746671676635742
5EU4,14.365509986877441,114.9832534790039,67.98876953125
1OF2,5.724079132080078,151.66656494140625,176.67626953125
7TLT,5.327888011932373,-141.98089599609375,-94.84812927246094
6VMC,14.332858085632324,113.78093719482422,66.81884765625
7F4W,10.428378105163574,53.29611587524414,70.15834045410156
7S8R,12.518773078918457,158.1996307373047,-178.95806884765625
7TUC,11.720148086547852,-26.942276000976562,3.2365214824676514
6JOZ,9.31071949005127,58.256778717041016,68.60978698730469
3MRB,11.449310302734375,-166.3693084716797,81.55010986328125
7KGR,12.208036422729492,179.93438720703125,-166.9950408935547
5WMO,12.615678787231445,179.05519104003906,168.24249267578125
3PWJ,4.166450500488281,-87.6170883178711,-127.48374938964844
5EO0,12.325688362121582,147.00350952148438,137.34519958496094
3LKO,4.463927745819092,-166.31483459472656,-125.72451782226562
4HX1,3.742497444152832,7.699265956878662,72.79705047607422
3C9N,13.72568416595459,-84.39945983886719,20.834213256835938
3MRJ,11.061172485351562,65.26302337646484,67.01490783691406
3MYJ,13.866456031799316,104.88088989257812,70.15930938720703
1T1Z,12.821184158325195,115.04650115966797,78.45919036865234
6VB0,12.541420936584473,-60.9476432800293,35.10733413696289
7U21,11.372350692749023,-151.6419677734375,78.45687866210938
4U1I,4.091223239898682,-104.98374938964844,-115.6974868774414
3MR9,12.231578826904297,-38.524845123291016,51.32451248168945
7LGT,6.417367935180664,104.1331558227539,67.45842742919922
7L1B,11.487916946411133,66.16270446777344,71.74065399169922
7R7X,5.040389060974121,-151.56121826171875,-139.86793518066406
1E27,4.0884504318237305,22.557235717773438,24.195486068725586
1T20,12.835853576660156,112.08430480957031,77.5919418334961
3I6G,11.355347633361816,154.45159912109375,90.19821166992188
1A1O,5.0023651123046875,-75.07990264892578,-107.32488250732422
2X4R,12.815479278564453,111.73786926269531,77.6619644165039
3KPO,12.196532249450684,120.11859130859375,74.04146575927734
5VGD,6.89065408706665,-167.29226684570312,-133.00778198242188
4NQV,13.43405532836914,112.55938720703125,76.74525451660156
1QQD,3.7292823791503906,131.8090362548828,121.83760833740234
6UK4,3.9195234775543213,150.73907470703125,104.75460052490234
5W69,3.763052225112915,136.9479217529297,121.22976684570312
6MT3,3.6620640754699707,53.76518630981445,16.6992130279541
7KGQ,10.960192680358887,-170.02821350097656,77.2442855834961
6VB2,12.069314956665039,-134.4345703125,-71.60076141357422
6Q3K,12.27692699432373,-42.00776290893555,47.922298431396484
6MT5,12.232759475708008,-62.555973052978516,4.903566837310791
5VWH,5.153823375701904,-57.863101959228516,-157.0148162841797
3KYO,12.094730377197266,58.6483154296875,57.939239501953125
3L3I,12.748836517333984,71.80633544921875,60.17439651489258
7SIF,10.463541030883789,44.94597625732422,76.72299194335938
3L3D,13.400744438171387,7.266388893127441,7.027190685272217
3X12,5.7423906326293945,-147.04312133789062,-158.39779663085938
1TVH,12.857149124145508,-107.58739471435547,-34.69783020019531
5ENW,14.330205917358398,-51.29767990112305,-24.103404998779297
5HHP,13.083516120910645,-60.457740783691406,-24.060646057128906
6D2T,6.539036273956299,28.003341674804688,4.538593292236328
7L1C,12.158636093139648,155.7515869140625,163.264404296875
3UPR,3.3962340354919434,150.8375701904297,114.2911605834961
5WSH,11.910881042480469,71.01485443115234,70.1335678100586
5HHN,11.502427101135254,24.160139083862305,66.83683013916016
4U1L,17.391698837280273,-97.80563354492188,-80.19266510009766
6SSA,13.97907829284668,147.2001953125,79.0965347290039
1I7R,9.156004905700684,124.44593811035156,104.85181427001953
1S9W,14.475266456604004,109.13566589355469,66.63500213623047
1EEY,12.731121063232422,92.9811019897461,62.65077209472656
1W0V,4.707329750061035,-173.829345703125,-140.2667236328125
7LG0,4.6635613441467285,178.5116729736328,-147.49681091308594
7N6D,9.223044395446777,67.29889678955078,78.1680908203125
6UZQ,15.305870056152344,-36.27606964111328,-98.52391815185547
6ID4,11.469135284423828,-152.84519958496094,77.19943237304688
1A9E,3.9129748344421387,2.726706027984619,12.678168296813965
3BVN,5.456676959991455,-53.92363357543945,-5.70928430557251
4L3C,14.050996780395508,100.06986236572266,63.67015075683594
7R7W,12.63965892791748,-55.24054718017578,11.991186141967773
3D25,11.263309478759766,169.16647338867188,78.98615264892578
6MT6,12.922235488891602,-76.4842529296875,-6.365656852722168
7WKJ,13.461121559143066,119.58392333984375,37.52531814575195
6MT4,12.62729549407959,-74.24849700927734,-5.816655158996582
4U1H,12.403398513793945,-108.49837493896484,18.12873077392578
3PWN,4.135098934173584,-73.78496551513672,-113.6680679321289
5NMK,14.473058700561523,98.76123046875,63.84069061279297
3QFD,10.536285400390625,-67.36304473876953,107.28826904296875
5TXS,12.938048362731934,160.88168334960938,98.76679992675781
1SYV,8.82422924041748,100.5203628540039,86.08677673339844
3D18,3.4806950092315674,153.4683380126953,117.9022216796875
2CIK,12.272608757019043,104.6299819946289,36.73163986206055
5MEO,4.876228332519531,-129.33285522460938,89.16285705566406
3LKQ,4.754444599151611,-160.11767578125,-125.20980072021484
5VWD,11.931234359741211,-127.81753540039062,-41.95445251464844
5VWF,11.364945411682129,44.298858642578125,64.4891128540039
7U1R,9.394436836242676,-161.812255859375,5.639028072357178
4NT6,10.56654167175293,-47.65644836425781,-10.73241901397705
3REW,3.571054458618164,65.90077209472656,82.91714477539062
7XF3,13.416358947753906,-134.63011169433594,9.777365684509277
3LV3,9.726300239562988,78.36660766601562,80.20677185058594
3LKR,10.514946937561035,-49.624122619628906,-6.045329570770264
7NUI,4.407172203063965,3.8510210514068604,-9.03528881072998
6GH1,12.421171188354492,-37.761878967285156,-22.885360717773438
1W0W,7.74730110168457,82.41876220703125,88.37834167480469
1S9Y,14.560733795166016,108.77147674560547,67.49996185302734
3V5K,11.216729164123535,19.22586441040039,63.34188461303711
3MRH,11.075922966003418,-178.33999633789062,83.75889587402344
3MRL,11.95843505859375,-30.246068954467773,51.05467987060547
1B0G,4.329448223114014,-175.0838623046875,-146.04067993164062
1HHI,9.798881530761719,77.2916259765625,77.59937286376953
2DYP,13.457480430603027,23.881263732910156,14.910000801086426
6SS7,13.40438461303711,132.59678649902344,76.7724380493164
7RK7,4.232934474945068,61.42932891845703,85.93209838867188
1MHE,13.20617389678955,-35.28251266479492,-9.74208927154541
7R7Y,12.696854591369629,-55.83989715576172,9.090876579284668
3V5H,12.416945457458496,105.43403625488281,75.18584442138672
7MJA,4.644541263580322,-108.2242431640625,21.03680419921875
7EJM,11.868402481079102,167.40533447265625,96.11681365966797
7MJ9,10.763190269470215,-162.46649169921875,79.95722961425781
4I4W,5.303071975708008,-104.22856140136719,-36.03111267089844
6OPD,12.70656681060791,90.60391235351562,62.845306396484375
7S8F,15.46704387664795,15.475909233093262,62.093421936035156
5FA3,10.978089332580566,-176.34542846679688,91.98806762695312
4NNY,5.147591590881348,101.42323303222656,57.728214263916016
5EU3,12.437112808227539,-99.95072174072266,-28.355257034301758
4NQX,12.241333961486816,-114.29540252685547,-34.29386520385742
5VVP,12.996792793273926,-135.02366638183594,-38.85333251953125
2AV7,3.7770707607269287,166.02713012695312,130.63116455078125
6UZP,15.181242942810059,-36.66254425048828,-97.7725830078125
1JGE,4.068709850311279,-75.51073455810547,-118.91292572021484
2BST,3.373685836791992,-84.96286010742188,-120.65751647949219
3L3G,12.99970817565918,63.14563751220703,54.01175308227539
3MRI,4.027312755584717,20.02562713623047,20.295974731445312
4HWZ,4.93931770324707,-179.42086791992188,-149.69940185546875
1S9X,14.376026153564453,100.67729949951172,61.424068450927734
3TO2,10.965864181518555,4.199599266052246,58.42026138305664
6SS9,14.000840187072754,109.26268768310547,62.55619812011719
5INC,4.029845237731934,53.199134826660156,10.158459663391113
4U1M,11.916729927062988,117.40644073486328,21.97258758544922
3MRG,11.777020454406738,124.03816223144531,80.54210662841797
3MRK,13.419325828552246,87.47606658935547,61.04133987426758
6J2A,12.063854217529297,157.69932556152344,92.75057983398438
6PYJ,3.4841294288635254,61.91893768310547,81.47660827636719
7M8T,11.651691436767578,126.54293060302734,83.53807830810547
6J1W,12.533625602722168,123.6268310546875,83.02236938476562
6PZ5,3.573756217956543,60.99855422973633,84.9042739868164
7R7V,5.116762638092041,-151.2134552001953,-137.17762756347656
2GIT,3.575993537902832,164.38970947265625,128.33056640625
1UXW,3.8823182582855225,138.9539794921875,118.29621124267578
6UZM,15.718329429626465,-15.091212272644043,-71.79524993896484
5VUE,5.360471725463867,-126.32402038574219,-148.10049438476562
3GSW,11.107635498046875,-177.41842651367188,84.54806518554688
3H7B,11.944184303283691,-22.87959098815918,55.86642074584961
3KPP,4.744265556335449,98.49751281738281,69.92982482910156
4E5X,3.684251070022583,138.918212890625,116.60871887207031
7MJ6,12.836004257202148,106.9130630493164,73.3372802734375
7UC5,9.58084774017334,40.426536560058594,72.72886657714844
7SU9,14.928179740905762,32.22686004638672,116.56147766113281
3X14,12.280951499938965,-69.58661651611328,-3.5750579833984375
4K7F,12.171272277832031,-19.16600799560547,59.1599006652832
6VB3,15.308945655822754,-35.46171569824219,-98.51731872558594
6ULN,16.131061553955078,24.69318199157715,72.00372314453125
1HSA,4.16131067276001,-63.70968246459961,-112.0068359375
1JHT,10.84181022644043,-73.35292053222656,53.35942077636719
6GH4,12.88984489440918,-56.73238754272461,-24.801563262939453
1I1Y,12.262404441833496,98.34689331054688,69.18368530273438
6O9B,16.335023880004883,68.04375457763672,128.59747314453125
5MEQ,13.985809326171875,92.78986358642578,69.15116882324219
1EEZ,13.318385124206543,-68.98201751708984,-37.50788879394531
6VM7,14.04751968383789,116.04918670654297,65.55715942382812
2RFX,5.305936813354492,-138.77508544921875,-135.60475158691406
3BZE,12.695306777954102,115.83393096923828,82.6116943359375
6UJQ,4.078245639801025,149.41355895996094,46.78883743286133
1CG9,5.035543918609619,12.131363868713379,-5.998616695404053
5MEP,5.045666217803955,-120.4386215209961,-41.27169418334961
1I7T,10.610724449157715,-37.911109924316406,-8.678988456726074
2BVP,9.279037475585938,93.47377014160156,77.29390716552734
6PYV,3.6221656799316406,55.02129364013672,83.32530212402344
7JYV,8.053326606750488,38.004703521728516,83.17550659179688
5EU5,13.832940101623535,87.7430419921875,60.541507720947266
3KPM,13.031198501586914,119.85385131835938,70.9208984375
5DEF,9.117773056030273,158.12704467773438,73.28309631347656
5WMN,13.592212677001953,125.26007080078125,41.81511306762695
5EO1,12.24506950378418,110.69068908691406,126.99563598632812
3GSV,12.125432968139648,-38.694053649902344,51.23283386230469
6PTE,12.76129150390625,95.26057434082031,65.46338653564453
3KPL,3.69614839553833,0.7378095388412476,39.46510696411133
3KPN,3.602386474609375,25.596712112426758,38.5838508605957
3RL1,12.425947189331055,-119.74674987792969,-37.31724548339844
5SWQ,4.897449016571045,-176.47268676757812,-141.5813446044922
7EJN,13.212421417236328,-102.63875579833984,-26.372541427612305
3GSQ,12.170287132263184,-38.892364501953125,50.90571594238281
7KGO,11.440485000610352,-162.59359741210938,76.96115112304688
1QEW,4.128686904907227,-154.2078857421875,-134.0165557861328
7MLE,12.782169342041016,114.14813232421875,85.10685729980469
1XR8,12.621123313903809,-24.693811416625977,42.6136589050293
2X4O,3.4808905124664307,56.18446731567383,91.87437438964844
6UZO,13.812583923339844,-73.48231506347656,7.877063274383545
5IM7,7.368031978607178,134.41864013671875,105.99691009521484
1I1F,12.693906784057617,107.55207061767578,80.73939514160156
1KPR,13.406896591186523,-41.822113037109375,-14.993047714233398
2BCK,4.383268356323242,43.605186462402344,53.50539779663086
7RE8,12.53958797454834,97.94190979003906,68.66312408447266
4U1J,12.400216102600098,152.00645446777344,115.93146514892578
3KLA,14.435534477233887,99.49397277832031,61.61552047729492
3PWL,4.0400214195251465,-170.36793518066406,-146.3885498046875
5XOS,13.883583068847656,108.02679443359375,177.38221740722656
5W6A,4.94735860824585,-165.14031982421875,-131.08917236328125
1I7U,9.9105224609375,74.6036376953125,89.77340698242188
3LKP,8.674309730529785,99.77071380615234,80.66614532470703
3LKS,4.965312480926514,-177.83969116210938,-128.3253631591797
5VUF,5.770933628082275,-53.03150177001953,-88.7164306640625
6UZS,13.289978981018066,47.5226936340332,19.847963333129883
7LFZ,3.7340142726898193,70.30216217041016,24.47749137878418
2AV1,3.765342950820923,163.39720153808594,124.19540405273438
1T1Y,12.424616813659668,106.68209075927734,74.21836853027344
5U98,4.56471061706543,-100.82686614990234,-59.10979080200195
5VUD,5.374922275543213,-154.54864501953125,3.3196558952331543
7P3E,3.4326326847076416,54.329158782958984,103.15150451660156
8ERX,14.081022262573242,136.34030151367188,69.85774230957031
5HHQ,13.733087539672852,-58.493499755859375,-31.830596923828125
5IND,11.388443946838379,141.9675750732422,44.54701232910156
1A1M,7.058487415313721,6.901687145233154,37.12434387207031
7LG3,3.4805054664611816,136.8651885986328,109.52474975585938
3I6L,3.9209935665130615,-168.20751953125,117.58370208740234
1HHG,3.9366073608398438,141.6071319580078,90.10496520996094
2XPG,10.758773803710938,18.599287033081055,63.457115173339844
6Z9W,8.65015697479248,104.71601104736328,76.8658676147461
6GGM,12.430989265441895,152.7801971435547,94.2689437866211
4I48,4.553249835968018,-78.63521575927734,-99.82060241699219
7N1B,4.014432907104492,-77.66334533691406,-117.72695922851562
7JYW,4.2134270668029785,41.59077072143555,50.67606735229492
8EB2,14.061180114746094,102.3058853149414,64.62166595458984
6MTL,11.659728050231934,24.469486236572266,60.4245719909668
7M8U,3.6321117877960205,-94.24983978271484,-121.91837310791016
6O4Z,12.092975616455078,-27.231285095214844,55.39883041381836
6O4Y,11.982004165649414,124.80558776855469,70.39838409423828
1M6O,12.765148162841797,72.05488586425781,57.77273941040039
6J29,13.321732521057129,-61.44959259033203,-16.031661987304688
1N2R,10.54896354675293,-55.13283920288086,-11.364529609680176
4U1N,12.117101669311523,142.7016143798828,18.052284240722656
3BO8,5.850512981414795,173.9404296875,-142.04510498046875
5IEK,13.788313865661621,-121.28533935546875,-43.52006149291992
3BP4,16.633953094482422,72.78790283203125,136.65740966796875
7EJL,11.17794418334961,178.98471069335938,76.51959228515625
1YDP,12.386945724487305,-37.96772384643555,-11.137614250183105
7SIS,4.789760589599609,-123.29544830322266,-166.7785186767578
3FQW,17.91057014465332,-108.35868835449219,-75.8285140991211
3H9H,11.597333908081055,179.74131774902344,96.7525405883789
3HPJ,14.014500617980957,104.0180435180664,68.97891235351562
3LKN,4.939724922180176,174.3820037841797,-139.8315887451172
6J1V,13.412885665893555,-62.08161163330078,-23.35458755493164
7P49,13.338953018188477,102.77655029296875,74.23512268066406
3GSX,12.182950973510742,-36.36894226074219,51.67237091064453
6PTB,12.618505477905273,95.45475006103516,67.00123596191406
6XQA,4.495936393737793,18.651145935058594,10.013254165649414
1S8D,12.329279899597168,68.71442413330078,67.68548583984375
1T1X,12.406694412231445,108.7244644165039,75.01412200927734
3MRF,13.546684265136719,-112.14800262451172,-30.748998641967773
6VR1,4.85734748840332,-144.55136108398438,-109.01643371582031
6VR5,4.789602279663086,-153.85302734375,-116.08458709716797
1SYS,4.684237003326416,12.043787002563477,-14.943251609802246
3KYN,12.975202560424805,-13.05962085723877,-8.934195518493652
6O9C,16.318069458007812,69.3149185180664,126.60533905029297
3BZF,13.342486381530762,-59.5053596496582,-24.934534072875977
6GHN,13.406397819519043,-44.46741485595703,-6.795608997344971
3L3K,13.151911735534668,-72.94491577148438,-34.805877685546875
6GL1,12.309687614440918,35.51451873779297,16.36175537109375
7EU2,11.04906940460205,40.68575668334961,65.71653747558594
2CLR-9,4.429659366607666,-113.6464614868164,-44.18339920043945
3GIV-9,13.257725715637207,97.19261169433594,69.81444549560547
3SKO,4.171664714813232,1.833443522453308,-2.3493540287017822
4QRT,4.6846699714660645,26.9692325592041,1.7646945714950562
4QRU,16.25682258605957,83.08929443359375,108.70519256591797
5F7D-9,13.944596290588379,-48.92365646362305,-31.18535614013672
5T6W-9,11.729737281799316,97.6323013305664,68.24137878417969
5T6X-9,12.52403736114502,60.166385650634766,62.804908752441406
5V5L-9,3.8554036617279053,-9.321098327636719,-61.57736587524414
5V5M-9,3.7134320735931396,-8.11718463897705,-68.96158599853516
6EI2-9,4.638927459716797,-158.09962463378906,-121.81612396240234
